# dVx,dVy,dVz,time to request
0.000000000000000000e+00,0.000000000000000000e+00,0.000000000000000000e+00,2.119616903536616914e-02
-4.350600855521452592e-02,8.952461568955617788e-02,-1.719333915507961774e-02,2.119616903564747190e-02
