# dVx,dVy,dVz,time to request
0.000000000000000000e+00,0.000000000000000000e+00,0.000000000000000000e+00,0.000000000000000000e+00
8.830147674855510775e-01,8.289198820967922376e-01,1.446885036228997418e-02,9.999999999999999547e-07
