{"0": {"time_mjd2000": 6600.9, "epoch": "2018-Jan-26 21:35:59", "protected_pos": [-5459306.02591815, -5048734.309602372, 2027659.692660286], "debris_pos": [[6608009.335734628, 4244585.704674717, 1878898.116806581], [-5114778.452357802, -3812022.4739389163, -4265116.058841285], [-5338552.143734395, -4110272.699961446, -1762935.9359540027], [646811.2223118625, 8375.42652838782, 7520965.287569281], [1209848.170874525, -6866437.23948572, -2110945.7808435503]], "alert": {"is_alert": false, "info": {}}}, "1": {"time_mjd2000": 6600.91, "epoch": "2018-Jan-26 21:50:23", "protected_pos": [-7650818.609187719, 472211.00572485523, 901636.1351652748], "debris_pos": [[7326069.912004237, -909800.4425148482, 4908300.395991334], [-7659186.177154495, -870675.441659815, 325589.5333071188], [-2116430.0130885523, -5420683.972124929, 3729641.9694088195], [-4513279.219176855, 2526108.1842033872, 5327075.362449781], [1299981.7301245953, -2765196.896511635, -6789314.837709919]], "alert": {"is_alert": false, "info": {}}}, "2": {"time_mjd2000": 6600.92, "epoch": "2018-Jan-26 22:04:48", "protected_pos": [-5151994.550810024, 5706146.9717049245, -777773.0985022655], "debris_pos": [[4981850.234142231, -5791364.383525859, 5940113.981187461], [-5495314.130307748, 2607791.5038912566, 4718777.711955514], [2887855.600779401, -2239309.13947017, 6166626.636499508], [-6576631.558723768, 3312305.9496910134, -483303.17285773484], [504607.60707624065, 3260843.3029628266, -6883423.856003608]], "alert": {"is_alert": false, "info": {}}}, "3": {"time_mjd2000": 6600.93, "epoch": "2018-Jan-26 22:19:12", "protected_pos": [496435.77427034616, 7453657.449878429, -1982203.0982103562], "debris_pos": [[987276.2176287277, -8850810.989071105, 5052628.751316855], [59362.52267895872, 4468324.091073625, 6188054.341955074], [5791020.0765410885, 2710989.114887137, 3953804.331210899], [-4079254.25925026, 1801358.3745652006, -5961742.361184354], [-617693.0557621338, 7252705.936306739, -2594788.407394915]], "alert": {"is_alert": false, "info": {}}}, "4": {"time_mjd2000": 6600.9400000000005, "epoch": "2018-Jan-26 22:33:35", "protected_pos": [5840987.5729924515, 4648490.798967729, -1975820.1183970096], "debris_pos": [[-3300083.143356089, -9498406.19733505, 2773869.8096217937], [5557536.017160836, 3499611.141827828, 3742977.4498298876], [4860218.290943192, 5919370.658085913, -938446.1983278561], [1202805.7361561637, -941462.1918132857, -7419289.371034759], [-1361787.2406830061, 6795426.3798662145, 3290832.155723327]], "alert": {"is_alert": false, "info": {}}}, "5": {"time_mjd2000": 6600.950000000001, "epoch": "2018-Jan-26 22:48:00", "protected_pos": [7608047.93645901, -1000889.3444007349, -760030.2700813117], "debris_pos": [[-6732478.746646652, -7686672.082276948, -222792.9705022294], [7436207.09577077, 263887.8679757267, -1122877.0571672758], [915882.4536032262, 5471023.79163341, -5264618.588751633], [5736310.859941938, -3089917.41127077, -4070401.4796289615], [-1251789.5291715083, 2099220.6392355645, 7089891.891313172]], "alert": {"is_alert": false, "info": {}}}, "6": {"time_mjd2000": 6600.960000000001, "epoch": "2018-Jan-26 23:02:24", "protected_pos": [4699790.814525589, -6032745.881114895, 922184.4880621007], "debris_pos": [[-8298229.749954916, -3776599.9604781913, -3141149.362047216], [4427065.8838658165, -3144757.8468509153, -5249928.947658837], [-3570780.428139332, 1573745.963267864, -6228887.183853319], [6705327.401280049, -3317433.368923503, 1827794.70132109], [-313531.40262491145, -3943579.641699229, 6156310.342970657]], "alert": {"is_alert": false, "info": {}}}, "7": {"time_mjd2000": 6600.970000000001, "epoch": "2018-Jan-26 23:16:48", "protected_pos": [-1104286.1557092273, -7345577.305142377, 2035700.2354587195], "debris_pos": [[-7151170.675801078, 1308480.8159851255, -5002626.18273817], [-1474858.8751236098, -4512716.695497213, -5966210.788401486], [-5476376.382445239, -3352908.21778374, -2817089.562984458], [3527046.157907649, -1493467.8734473577, 6587048.924127453], [839851.076817997, -7152997.606197683, 873653.5818928153]], "alert": {"is_alert": false, "info": {}}}, "8": {"time_mjd2000": 6600.980000000001, "epoch": "2018-Jan-26 23:31:12", "protected_pos": [-6228579.579295474, -4129604.8830047236, 1894276.0304298238], "debris_pos": [[-3049412.951388292, 5741207.639807591, -4740926.8577785045], [-6459596.081479278, -3016330.786352548, -2891781.699778702], [-3015778.230771155, -5546521.371666071, 2770810.0980100175], [-1874673.8651456074, 1269439.196996791, 7137130.766909235], [1384445.047992677, -5169260.61933698, -5050246.458269219]], "alert": {"is_alert": false, "info": {}}}, "9": {"time_mjd2000": 6600.990000000002, "epoch": "2018-Jan-26 23:45:36", "protected_pos": [-7524368.108823852, 1627628.344781352, 587749.6822428572], "debris_pos": [[2597608.638592374, 7012333.813032875, -1949874.4611423719], [-7448966.830707896, 354095.24586440244, 1982903.2058595633], [1967776.6271114645, -3122645.7260168055, 6067149.063120017], [-5996144.1817766335, 3170877.9261678243, 2935147.8379332977], [960532.7099618356, 464954.6463845882, -7474756.508857025]], "alert": {"is_alert": false, "info": {}}}, "10": {"time_mjd2000": 6601.000000000002, "epoch": "2018-Jan-27 00:00:00", "protected_pos": [-4211136.208421265, 6390342.968456253, -1079437.3130549341], "debris_pos": [[6695921.564256536, 4086432.0074046114, 2011872.1065135757], [-3861368.0648025824, 3505927.0061761294, 5637786.975018292], [5510855.234719453, 1782986.5052328787, 4693329.868651089], [-5970857.337029404, 2880141.372515112, -3280800.667106304], [-97746.17049609125, 5844166.599529469, -5013730.842494253]], "alert": {"is_alert": false, "info": {}}}, "11": {"time_mjd2000": 6601.010000000002, "epoch": "2018-Jan-27 00:14:24", "protected_pos": [1674965.0273004044, 7250594.740755046, -2087593.5701918222], "debris_pos": [[7288196.110785983, -1098689.5384344037, 4980322.571024942], [2116836.0643335967, 4470294.540658625, 5778798.872270226], [5334877.370168332, 5547653.125252843, 79395.00698109483], [-1823629.1528485117, 600256.2488388245, -7251156.283623138], [-1099561.7589077577, 7616774.458862399, 569610.2255316854]], "alert": {"is_alert": false, "info": {}}}, "12": {"time_mjd2000": 6601.020000000002, "epoch": "2018-Jan-27 00:28:48", "protected_pos": [6537019.788961206, 3682639.2830747864, -1820634.1419298034], "debris_pos": [[4860843.917943086, -5935389.030235572, 5939061.870902648], [6724574.718492637, 2580882.105683707, 2234523.4162429115], [1826127.9792212655, 5868431.482186491, -4609612.297724641], [3564612.019918824, -2093832.4911090222, -6414862.880370057], [-1422256.3519643317, 4698673.399919795, 5787784.289017801]], "alert": {"is_alert": false, "info": {}}}, "13": {"time_mjd2000": 6601.0300000000025, "epoch": "2018-Jan-27 00:43:12", "protected_pos": [7393807.094931831, -2138828.0810873862, -438897.7102002762], "debris_pos": [[834297.6006999537, -8915970.867196787, 4992476.4954038635], [6932635.770679838, -989677.3383153953, -2761403.089112346], [-2798391.813979277, 2525396.4621710186, -6390805.664741863], [6713681.851901546, -3470271.5484424615, -1495881.42232489], [-829260.8658930806, -1212177.5290930541, 7247865.076184116]], "alert": {"is_alert": false, "info": {}}}, "14": {"time_mjd2000": 6601.040000000003, "epoch": "2018-Jan-27 00:57:36", "protected_pos": [3704643.7294444446, -6642817.7971033845, 1212055.568473343], "debris_pos": [[-3441450.5721666794, -9475511.44752737, 2676470.8860756094], [2586134.058570398, -3913079.5759407124, -5947370.559052285], [-5433114.5121544385, -2484569.4824495907, -3778213.0602397607], [5714159.385741676, -2702062.9868465625, 4353248.188751655], [328537.74422815803, -6235530.070104335, 3710817.8653349914]], "alert": {"is_alert": false, "info": {}}}, "15": {"time_mjd2000": 6601.050000000003, "epoch": "2018-Jan-27 01:12:00", "protected_pos": [-2267766.2436087867, -7050983.370529182, 2115552.0551178837],