# dVx,dVy,dVz,time to request
-1.424743479315736527e-01,-4.764113523498880037e-02,-1.970338939506950660e-02,8.184154746085810228e-02
1.424743479315736527e-01,4.764113523498880037e-02,1.970338939506950660e-02,nan
