# dVx,dVy,dVz,time to request
0.000000000000000000e+00,0.000000000000000000e+00,0.000000000000000000e+00,7.464824847730611168e-02
5.317982797331540813e-03,-2.533623249811348729e-03,1.381124498719899472e-02,7.917385312035332690e-02
-5.317982797331540813e-03,2.533623249811348729e-03,-1.381124498719899472e-02,nan
