# dVx,dVy,dVz,time to request
1.181788306498632868e-01,4.359518413229129252e-01,-1.792653138286471048e-01,3.116279194607143171e-02
-4.304908456635088421e-02,3.406650123771707422e-02,3.646095386226531204e-02,3.677319305635282087e-02
-1.513690837853292059e-01,-2.185209232740675522e-01,1.019780993976659722e-01,nan
