# dVx,dVy,dVz,time to request
0.000000000000000000e+00,0.000000000000000000e+00,0.000000000000000000e+00,1.459106704137558275e-02
1.568962207942729142e-03,2.541894885098745782e-02,7.363227916346123947e-02,7.832458034803048419e-02
-1.568962207942729142e-03,-2.541894885098745782e-02,-7.363227916346123947e-02,nan
