# dVx,dVy,dVz,time to request
0.000000000000000000e+00,0.000000000000000000e+00,0.000000000000000000e+00,3.123461780197789306e-02
-7.021393995086784579e-02,8.445112795707074294e-02,-1.034200961797877329e-03,8.081733908207495987e-02
7.021393995086784579e-02,-8.445112795707074294e-02,1.034200961797877329e-03,nan
