# dVx,dVy,dVz,time to request
0.000000000000000000e+00,0.000000000000000000e+00,0.000000000000000000e+00,4.334423727800246207e-02
5.037318056056346721e-02,-4.959649457021340913e-02,-1.144742090220531375e-02,7.085196349568823049e-02
-5.037318056056346721e-02,4.959649457021340913e-02,1.144742090220531375e-02,nan
