# dVx,dVy,dVz,time to request
0.000000000000000000e+00,0.000000000000000000e+00,0.000000000000000000e+00,7.464824847730611168e-02
-1.854151185495508340e-03,2.028198450268903566e-02,5.241066954853082840e-03,7.917385312035332690e-02
1.854151185495508340e-03,-2.028198450268903566e-02,-5.241066954853082840e-03,nan
