# dVx,dVy,dVz,time to request
6.914685029598498234e-02,1.344685414653078864e-02,1.473467392803692010e-02,3.732956170213432012e-02
0.000000000000000000e+00,0.000000000000000000e+00,0.000000000000000000e+00,3.869777902016759141e-02
3.362193455790758734e-03,7.860778253887840128e-03,1.257326407726755135e-01,9.760071040769723039e-03
-2.845503970292407800e-02,-1.694803476267525699e-02,1.127404275766513836e-01,1.223815265283501735e-02
0.000000000000000000e+00,0.000000000000000000e+00,0.000000000000000000e+00,7.228095013249552850e-03
