# dVx,dVy,dVz,time to request
0.000000000000000000e+00,0.000000000000000000e+00,0.000000000000000000e+00,2.350773833700181559e-02
1.791630280501681771e-01,1.910011197151578743e-02,-2.464693176647671236e-01,7.655084110880783221e-02
-1.791630280501681771e-01,-1.910011197151578743e-02,2.464693176647671236e-01,nan
