# dVx,dVy,dVz,time to request
0.000000000000000000e+00,0.000000000000000000e+00,0.000000000000000000e+00,2.356898930571924011e-02
8.645982442994754047e-02,-4.339903921659798991e-02,5.932770123063806078e-02,7.189685816137504626e-02
-8.645982442994754047e-02,4.339903921659798991e-02,-5.932770123063806078e-02,nan
