# dVx,dVy,dVz,time to request
0.000000000000000000e+00,0.000000000000000000e+00,0.000000000000000000e+00,5.230986838865605421e-02
-1.235447047707356749e-01,-1.771067596538407618e-01,-1.241577561195897628e-01,8.209286967725525075e-02
1.235447047707356749e-01,1.771067596538407618e-01,1.241577561195897628e-01,nan
