# dVx,dVy,dVz,time to request
0.000000000000000000e+00,0.000000000000000000e+00,0.000000000000000000e+00,9.683786948292749663e-03
2.402442785029196837e-01,-3.539986210057542021e-02,6.283546536683265460e-02,7.722214271196385649e-02
-2.402442785029196837e-01,3.539986210057542021e-02,-6.283546536683265460e-02,nan
