# dVx,dVy,dVz,time to request
-4.723162450530444915e-03,9.388080613024879159e-03,1.509227450153574068e+00,4.003927336323357400e-01
2.549516272146980178e+00,-3.579289552770654748e+00,-7.799559650557484680e+00,6.541840008263242190e-01
