# dVx,dVy,dVz,time to request
0.000000000000000000e+00,0.000000000000000000e+00,0.000000000000000000e+00,5.071136393995778757e-02
-1.057147940902002613e-02,-4.589079280647934134e-02,5.000399738376132969e-02,7.464608480800183354e-02
1.057147940902002613e-02,4.589079280647934134e-02,-5.000399738376132969e-02,nan
