# dVx,dVy,dVz,time to request
3.700556057596601778e-01,2.308336893143828755e-02,6.312478574851586588e-01,9.392332264108138595e-01
0.000000000000000000e+00,0.000000000000000000e+00,0.000000000000000000e+00,7.584771258910342207e-01
5.434789316796757586e-01,-8.536736020427874161e-01,-3.167339456751827154e+00,1.558761101108977476e-01
0.000000000000000000e+00,0.000000000000000000e+00,0.000000000000000000e+00,8.441786798177850493e-01
