# dVx,dVy,dVz,time to request
6.878446084291527617e-03,2.198080457918794375e-02,4.494765106248298919e-02,7.186428814505363416e-02
-6.878446084291527617e-03,-2.198080457918794375e-02,-4.494765106248298919e-02,nan
