# dVx,dVy,dVz,time to request
9.147780427159438177e-02,-5.674566880623292953e-01,-5.349860042520613312e-01,1.678999067886597849e-02
0.000000000000000000e+00,0.000000000000000000e+00,0.000000000000000000e+00,4.192054070712656483e-02
2.712606285733102363e-01,2.553236900657006370e+00,9.147807368794605765e+00,3.413077866739928218e-02
