# dVx,dVy,dVz,time to request
0.000000000000000000e+00,0.000000000000000000e+00,0.000000000000000000e+00,6.249118305200404566e-02
5.215634392684558307e-01,-7.182857071272442939e-02,-6.173645889544661369e-02,7.491763389560773811e-02
-5.215634392684558307e-01,7.182857071272442939e-02,6.173645889544661369e-02,nan
