# dVx,dVy,dVz,time to request
8.243762690135843230e-02,4.276505730844010755e-01,1.486753770914194250e+00,3.088332264109824865e-01
5.308452121695547810e+00,5.270238095028216829e-01,6.923718113296400745e+00,5.802654836910050573e-01
