# dVx,dVy,dVz,time to request
0.000000000000000000e+00,0.000000000000000000e+00,0.000000000000000000e+00,1.485558976435535916e-02
-4.002140092065537003e-02,-5.074288523128964168e-02,-4.038304045885849486e-02,7.186576409426240208e-02
4.002140092065537003e-02,5.074288523128964168e-02,4.038304045885849486e-02,nan
