# dVx,dVy,dVz,time to request
2.602746042225387302e-01,-5.032329044673421459e-01,1.106363313344814081e+00,1.091561383606757391e-02
1.251656519116147413e-02,-2.973029242745925393e-02,-1.257910272895454429e-01,2.078202016845301717e-02
0.000000000000000000e+00,0.000000000000000000e+00,0.000000000000000000e+00,9.148688274870087067e-03
0.000000000000000000e+00,0.000000000000000000e+00,0.000000000000000000e+00,2.974243789073069411e-02
0.000000000000000000e+00,0.000000000000000000e+00,0.000000000000000000e+00,2.884640561002158737e-02
0.000000000000000000e+00,0.000000000000000000e+00,0.000000000000000000e+00,1.883143568737937965e-02
