# dVx,dVy,dVz,time to request
0.000000000000000000e+00,0.000000000000000000e+00,0.000000000000000000e+00,4.646002020033859758e-02
0.000000000000000000e+00,0.000000000000000000e+00,0.000000000000000000e+00,4.032249729196590859e-02
0.000000000000000000e+00,0.000000000000000000e+00,0.000000000000000000e+00,3.346967006503625414e-02
