# dVx,dVy,dVz,time to request
3.953441959158155994e-01,-1.309730259174826550e+00,-1.115408160288303918e+00,1.163100840405390662e-01
-1.067496178566199605e+00,-2.541626580840774530e+00,1.705555007522371769e+00,6.415943443437088778e-02
7.168978286448757231e-01,2.506839638577774476e+00,6.352623854943068027e-01,4.079386389355839360e-02
