# dVx,dVy,dVz,time to request
0.000000000000000000e+00,0.000000000000000000e+00,0.000000000000000000e+00,2.673470913567981000e-02
4.961035956916032448e-03,-1.181941660950911431e-02,4.850195753951387634e-02,8.104365117510738126e-02
-4.961035956916032448e-03,1.181941660950911431e-02,-4.850195753951387634e-02,nan
