# dVx,dVy,dVz,time to request
0.000000000000000000e+00,0.000000000000000000e+00,0.000000000000000000e+00,5.471068377756793666e-03
1.139894346888554143e-02,1.135378686962065370e-01,-2.610601540197455758e-02,7.463254131043034478e-02
-1.139894346888554143e-02,-1.135378686962065370e-01,2.610601540197455758e-02,nan
