# dVx,dVy,dVz,time to request
0.000000000000000000e+00,0.000000000000000000e+00,0.000000000000000000e+00,5.471068377756793666e-03
-1.856131703949509201e-02,2.593620234766889077e-01,-8.473345162773725237e-02,7.463254131043034478e-02
1.856131703949509201e-02,-2.593620234766889077e-01,8.473345162773725237e-02,nan
