# dVx,dVy,dVz,time to request
0.000000000000000000e+00,0.000000000000000000e+00,0.000000000000000000e+00,1.301469509762224683e-02
2.800205279772820591e-02,1.569877186055762541e-02,2.361813589969890062e-02,7.777211346975808348e-02
-2.800205279772820591e-02,-1.569877186055762541e-02,-2.361813589969890062e-02,nan
