# dVx,dVy,dVz,time to request
0.000000000000000000e+00,0.000000000000000000e+00,0.000000000000000000e+00,9.890696339052127417e-01
0.000000000000000000e+00,0.000000000000000000e+00,0.000000000000000000e+00,9.268757379183543144e-01
0.000000000000000000e+00,0.000000000000000000e+00,0.000000000000000000e+00,7.092717396238861216e-01
