# dVx,dVy,dVz,time to request
2.855448571165772886e-01,1.600447205707175857e-01,-1.436562970968688902e-01,2.867334444241310260e-02
7.171514606214061949e-03,1.245043320402836329e-01,1.609648688827624574e-01,3.330926936220143103e-02
-1.225837381676185001e-01,3.718913437178170134e-01,4.102089072299542893e-01,nan
