# dVx,dVy,dVz,time to request
0.000000000000000000e+00,0.000000000000000000e+00,0.000000000000000000e+00,2.310902330189956722e-02
-1.552888966265762449e-01,-3.314154543505603429e-02,-2.358021360851572656e-01,6.798639067929430901e-02
1.552888966265762449e-01,3.314154543505603429e-02,2.358021360851572656e-01,nan
