# dVx,dVy,dVz,time to request
0.000000000000000000e+00,0.000000000000000000e+00,0.000000000000000000e+00,5.729600695009601230e-02
1.781257349806288914e-01,-1.309803353990826591e-01,1.034158424496710131e-02,7.504972935405831991e-02
-1.781257349806288914e-01,1.309803353990826591e-01,-1.034158424496710131e-02,nan
