# dVx,dVy,dVz,time to request
2.409537175177310642e-02,-3.986976768105199298e-02,7.814711310155331159e-01,1.798908631446084760e-03
0.000000000000000000e+00,0.000000000000000000e+00,0.000000000000000000e+00,4.864350662913486528e-02
0.000000000000000000e+00,0.000000000000000000e+00,0.000000000000000000e+00,3.960298420710647860e-02
0.000000000000000000e+00,0.000000000000000000e+00,0.000000000000000000e+00,3.309102209475728307e-02
