# dVx,dVy,dVz,time to request
0.000000000000000000e+00,0.000000000000000000e+00,0.000000000000000000e+00,4.852923613919318119e-02
-1.910843452757112482e-01,8.591710413468781060e-02,5.800002942853697135e-02,7.539952772071013831e-02
1.910843452757112482e-01,-8.591710413468781060e-02,-5.800002942853697135e-02,nan
