# dVx,dVy,dVz,time to request
0.000000000000000000e+00,0.000000000000000000e+00,0.000000000000000000e+00,5.000076850267334838e-02
9.537023282227288790e-03,1.210383996552113692e-02,-6.494703628082084713e-03,7.061670562052781153e-02
-9.537023282227288790e-03,-1.210383996552113692e-02,6.494703628082084713e-03,nan
