# dVx,dVy,dVz,time to request
4.183951541600629959e-02,2.554141614451284001e-02,-1.215940531458399761e-02,7.805958883153808758e-02
-4.183951541600629959e-02,-2.554141614451284001e-02,1.215940531458399761e-02,nan
