# dVx,dVy,dVz,time to request
0.000000000000000000e+00,0.000000000000000000e+00,0.000000000000000000e+00,5.647608325590693784e-02
8.588498669872259017e-02,3.954081271752313276e-02,3.222661905551187089e-02,7.942132540422096321e-02
-8.588498669872259017e-02,-3.954081271752313276e-02,-3.222661905551187089e-02,nan
