# dVx,dVy,dVz,time to request
-4.345348862143154078e-01,-1.852907510609955455e-01,-2.528801497819937460e-01,7.725739381487906066e-03
6.966142250864600094e-02,-6.417245739262833482e-02,-1.256725645408554581e-01,2.352481184355111749e-02
2.793399585180204037e-01,-1.690895839891088936e-01,-1.841435047843487938e-01,nan
