# dVx,dVy,dVz,time to request
0.000000000000000000e+00,0.000000000000000000e+00,0.000000000000000000e+00,7.898643444403763425e-02
1.033556270985876158e-01,3.612778065004436379e-02,-1.427667461395591003e-02,8.131101456804144811e-02
-1.033556270985876158e-01,-3.612778065004436379e-02,1.427667461395591003e-02,nan
