# dVx,dVy,dVz,time to request
-4.467231821319317953e-01,7.448499309109306576e-01,-2.022158478944483806e-01,2.576162975190562227e-02
-5.939189961140076829e-02,1.286220455529465123e-01,3.224453147107607665e-01,8.573579887122619730e-03
0.000000000000000000e+00,0.000000000000000000e+00,0.000000000000000000e+00,3.275315539308853996e-02
0.000000000000000000e+00,0.000000000000000000e+00,0.000000000000000000e+00,3.557168644357305842e-02
