# dVx,dVy,dVz,time to request
3.807941382265805919e-02,-6.452297067756700144e-02,1.035410653399954084e-01,1.856003835636673219e-02
-1.090623038090023089e-01,-2.310592035341695050e-02,-2.215857780782622480e-04,1.691325758920397132e-02
-3.174161029810796536e-02,1.131940237912002906e-01,1.766303277969480390e-02,nan
