# dVx,dVy,dVz,time to request
0.000000000000000000e+00,0.000000000000000000e+00,0.000000000000000000e+00,5.647608325590694478e-02
-6.803303459729574676e-02,3.074070540018408043e-02,3.764954834144781243e-02,7.942132540422096321e-02
6.803303459729574676e-02,-3.074070540018408043e-02,-3.764954834144781243e-02,nan
