# dVx,dVy,dVz,time to request
0.000000000000000000e+00,0.000000000000000000e+00,0.000000000000000000e+00,7.361269888347249379e-02
3.203519180135760980e-02,1.671638293992033786e-01,-8.552216813834617737e-02,7.856650786402827324e-02
-3.203519180135760980e-02,-1.671638293992033786e-01,8.552216813834617737e-02,nan
