# dVx,dVy,dVz,time to request
-4.130995957209770419e-01,3.123941012000520656e-01,-2.919888038215124881e-01,1.414945070485256265e-02
0.000000000000000000e+00,0.000000000000000000e+00,0.000000000000000000e+00,4.753350138426835902e-02
0.000000000000000000e+00,0.000000000000000000e+00,0.000000000000000000e+00,2.722202452587682564e-02
0.000000000000000000e+00,0.000000000000000000e+00,0.000000000000000000e+00,3.655666372500546157e-02
