# dVx,dVy,dVz,time to request
-5.959147006322625117e-02,1.542193359407478684e-03,1.195812243684289955e-01,1.776349441328525791e-01
0.000000000000000000e+00,0.000000000000000000e+00,0.000000000000000000e+00,8.274876104117123710e-01
0.000000000000000000e+00,0.000000000000000000e+00,0.000000000000000000e+00,6.929944691254861233e-01
0.000000000000000000e+00,0.000000000000000000e+00,0.000000000000000000e+00,9.561683882075157070e-01
