# dVx,dVy,dVz,time to request
9.245064259747559632e-02,7.285220924528482134e-02,2.726630854313684127e-01,1.349019965780753894e-01
0.000000000000000000e+00,0.000000000000000000e+00,0.000000000000000000e+00,3.105575710067157713e-01
0.000000000000000000e+00,0.000000000000000000e+00,0.000000000000000000e+00,9.761630742126266025e-01
0.000000000000000000e+00,0.000000000000000000e+00,0.000000000000000000e+00,4.320972663015634208e-01
9.911250564555210661e-04,-5.536569225929324160e-04,-3.816514892994568066e-03,7.831563263740303205e-01
