# dVx,dVy,dVz,time to request
0.000000000000000000e+00,0.000000000000000000e+00,0.000000000000000000e+00,9.683786948292749663e-03
-3.823180472246683892e-01,1.002043336756924807e-01,-8.453305737929354968e-02,7.722214271196385649e-02
3.823180472246683892e-01,-1.002043336756924807e-01,8.453305737929354968e-02,nan
