# dVx,dVy,dVz,time to request
0.000000000000000000e+00,0.000000000000000000e+00,0.000000000000000000e+00,8.387879035393064342e-03
-3.255797966544460732e-03,6.564038574785100930e-03,-1.251823074959668896e-03,7.805794672514693167e-02
3.255797966544460732e-03,-6.564038574785100930e-03,1.251823074959668896e-03,nan
