# dVx,dVy,dVz,time to request
0.000000000000000000e+00,0.000000000000000000e+00,0.000000000000000000e+00,7.374890167706686650e-02
-3.834648100221276553e-03,4.846466526085879689e-02,1.237829014929642084e-02,7.873734644300760255e-02
3.834648100221276553e-03,-4.846466526085879689e-02,-1.237829014929642084e-02,nan
