# dVx,dVy,dVz,time to request
0.000000000000000000e+00,0.000000000000000000e+00,0.000000000000000000e+00,4.740930754554284476e-05
-7.875430426066871992e-03,-4.373614025837244124e-02,4.381996916762378666e-03,7.462795184620558964e-02
7.875430426066871992e-03,4.373614025837244124e-02,-4.381996916762378666e-03,nan
