# dVx,dVy,dVz,time to request
0.000000000000000000e+00,0.000000000000000000e+00,0.000000000000000000e+00,6.433888852092159438e-03
-1.154923154843514807e-02,-4.099939997746553100e-02,2.650310970524497739e-02,7.123957488244751779e-02
1.154923154843514807e-02,4.099939997746553100e-02,-2.650310970524497739e-02,nan
