# dVx,dVy,dVz,time to request
0.000000000000000000e+00,0.000000000000000000e+00,0.000000000000000000e+00,9.022028863695352729e-03
1.540629394399237739e-01,-2.015227000147690739e-01,1.913187546397171479e-01,7.630731409107360808e-02
-1.540629394399237739e-01,2.015227000147690739e-01,-1.913187546397171479e-01,nan
