# dVx,dVy,dVz,time to request
0.000000000000000000e+00,0.000000000000000000e+00,0.000000000000000000e+00,2.673470913567981694e-02
-7.248752433083004154e-04,2.421976619002778885e-02,4.441373498694681232e-02,8.104365117510738126e-02
7.248752433083004154e-04,-2.421976619002778885e-02,-4.441373498694681232e-02,nan
