# dVx,dVy,dVz,time to request
0.000000000000000000e+00,0.000000000000000000e+00,0.000000000000000000e+00,2.461019585462407566e-01
-1.174993040350539170e-01,1.359415964765902929e-01,6.629409816527027655e-01,7.533020048343798125e-01
-7.095478268866012295e-01,-3.620409099434242606e+00,-8.634630863893688613e+00,5.778090351063559504e-01
