# dVx,dVy,dVz,time to request
0.000000000000000000e+00,0.000000000000000000e+00,0.000000000000000000e+00,2.083845382142793246e-02
-1.658991417535835705e-02,2.080671723476302821e-03,-2.906596749788686656e-04,6.808337379101611631e-02
1.658991417535835705e-02,-2.080671723476302821e-03,2.906596749788686656e-04,nan
