# dVx,dVy,dVz,time to request
-2.585038714491093348e+00,5.259641589859073818e+00,-2.220070891533928670e+00,4.319551972522643890e-01
7.362395743503169498e-02,-7.846019778113257070e-02,1.154385564553934707e+00,5.242442537994729257e-01
2.056450528718995585e+00,5.467580440612143100e-01,-4.181915549423924183e+00,1.936003401711831884e-01
