# dVx,dVy,dVz,time to request
1.968843964623683274e-01,-1.950993729297420543e-02,-1.255744092748661611e+00,1.453521235774527659e-02
0.000000000000000000e+00,0.000000000000000000e+00,0.000000000000000000e+00,6.288131868683327283e-03
0.000000000000000000e+00,0.000000000000000000e+00,0.000000000000000000e+00,2.252567568308992338e-02
3.781220846534413121e-02,-1.767086419961618610e-02,-1.218448827235403820e-01,4.517094751894604882e-03
0.000000000000000000e+00,0.000000000000000000e+00,0.000000000000000000e+00,3.065705442058505939e-02
0.000000000000000000e+00,0.000000000000000000e+00,0.000000000000000000e+00,1.422597731421458220e-02
0.000000000000000000e+00,0.000000000000000000e+00,0.000000000000000000e+00,1.925336885362583308e-02
