# dVx,dVy,dVz,time to request
4.278045476041505979e-01,1.548503462727860713e-01,2.158984197060674626e-01,3.770458831937375382e-02
1.794621065878406752e-01,-8.076080062829485984e-01,3.850478548026479153e-01,1.247056724960891004e-02
3.621910186545164445e-02,9.430861526844896980e-02,-8.855818021884293012e-02,nan
