# dVx,dVy,dVz,time to request
-5.908406259420252715e-02,-7.765568205747148955e-02,7.257152369381926205e-01,3.962564377440985774e-02
4.059208199674867381e-06,4.462699864066901672e-04,-4.497466443670413328e-04,4.050499213821318056e-02
0.000000000000000000e+00,0.000000000000000000e+00,0.000000000000000000e+00,1.235188601920120949e-02
0.000000000000000000e+00,0.000000000000000000e+00,0.000000000000000000e+00,2.597272074836739098e-03
-2.232668061560144634e-02,-1.207494413807203015e-02,4.249151427655615404e-02,1.064026891367934879e-02
