# dVx,dVy,dVz,time to request
0.000000000000000000e+00,0.000000000000000000e+00,0.000000000000000000e+00,5.230986838865606114e-02
-1.163667583703154457e-01,2.732106966739308307e-01,1.129794077535130337e-01,8.209286967725525075e-02
1.163667583703154457e-01,-2.732106966739308307e-01,-1.129794077535130337e-01,nan
