# dVx,dVy,dVz,time to request
0.000000000000000000e+00,0.000000000000000000e+00,0.000000000000000000e+00,5.071136393995778757e-02
-6.140147077015581725e-03,-3.107375866437591186e-02,3.890334803407666936e-02,7.464608480800183354e-02
6.140147077015581725e-03,3.107375866437591186e-02,-3.890334803407666936e-02,nan
