# dVx,dVy,dVz,time to request
2.463419365250437698e-01,-4.826715159881370121e-02,6.878205851115198888e-01,2.908084204396331474e-02
-3.510568454211980549e-02,-4.973597754817367378e-02,4.312706789049319117e-02,3.546620542742896093e-02
-3.624012113519551881e-01,-1.327291296408792676e-01,5.147831210204788233e-02,nan
