# dVx,dVy,dVz,time to request
0.000000000000000000e+00,0.000000000000000000e+00,0.000000000000000000e+00,5.466657156009410712e-02
-8.667027388103720059e-03,2.061838766009976842e-02,-1.122571173934334976e-02,7.754560247303962650e-02
8.667027388103720059e-03,-2.061838766009976842e-02,1.122571173934334976e-02,nan
