# dVx,dVy,dVz,time to request
0.000000000000000000e+00,0.000000000000000000e+00,0.000000000000000000e+00,4.871780697613165706e-02
-6.665529444345257015e-02,1.016857437295869693e-01,8.289260016503210982e-02,8.061935906989632639e-02
6.665529444345257015e-02,-1.016857437295869693e-01,-8.289260016503210982e-02,nan
