# dVx,dVy,dVz,time to request
2.399701064019666319e+00,-2.354496500887178490e-01,-4.178113323171722904e+00,5.097773961596688830e-01
-2.195629225844805354e+00,-3.949641729015879399e+00,-4.594639383064366811e+00,9.472547676779249359e-01
