# dVx,dVy,dVz,time to request
0.000000000000000000e+00,0.000000000000000000e+00,0.000000000000000000e+00,6.201068980504427508e-02
1.626667960999498563e-01,6.677962106615921434e-02,-1.133645323091077295e-01,7.595140107312862987e-02
-1.626667960999498563e-01,-6.677962106615921434e-02,1.133645323091077295e-01,nan
