# dVx,dVy,dVz,time to request
-2.935297539111415138e-02,3.300873211478574931e-02,4.172341640092019355e-01,3.494348696772887203e-03
-2.594382716089392305e-01,8.305407507192307248e-01,-1.252030529510683721e-01,8.215650871223952045e-03
-3.052736093070631054e-02,4.552683281268173066e-02,-7.178917115498188728e-02,3.236409705300246492e-02
0.000000000000000000e+00,0.000000000000000000e+00,0.000000000000000000e+00,3.813037499575153144e-02
-7.050150393455210995e+00,4.464998023446043462e-01,7.027659372324503551e+00,3.318606349648489662e-02
