# dVx,dVy,dVz,time to request
0.000000000000000000e+00,0.000000000000000000e+00,0.000000000000000000e+00,2.310902330189956722e-02
-7.767103541231340502e-02,8.798237607143630234e-02,-6.130516976165783366e-02,6.798639067929430901e-02
7.767103541231340502e-02,-8.798237607143630234e-02,6.130516976165783366e-02,nan
