# dVx,dVy,dVz,time to request
-1.981636732093526310e-01,-1.168192460403880556e-01,-9.204993543992692762e-02,1.991479298787165314e-02
-9.514385097884707487e-02,-1.541177942743218177e-01,4.047334592195574871e-02,4.690798235483460005e-02
-1.601504066914857805e-02,1.347524887970737162e-01,-8.175149232523695741e-02,nan
