# dVx,dVy,dVz,time to request
1.473882220458260228e-01,1.212710602322830677e-01,-7.788426588326966549e-01,6.944433452510459515e-03
-3.053833912599923650e-02,5.080230968972538896e-01,-1.004470563916268322e+00,8.117844438578538865e-03
0.000000000000000000e+00,0.000000000000000000e+00,0.000000000000000000e+00,4.224555479893212645e-02
0.000000000000000000e+00,0.000000000000000000e+00,0.000000000000000000e+00,3.008923982246038131e-02
0.000000000000000000e+00,0.000000000000000000e+00,0.000000000000000000e+00,4.881654141829770699e-02
