# dVx,dVy,dVz,time to request
0.000000000000000000e+00,0.000000000000000000e+00,0.000000000000000000e+00,6.605007162255807640e-02
4.958407364325952416e-01,-4.234695925613176648e-01,1.209467338853875695e-02,7.810185675509236092e-02
-4.958407364325952416e-01,4.234695925613176648e-01,-1.209467338853875695e-02,nan
