# dVx,dVy,dVz,time to request
0.000000000000000000e+00,0.000000000000000000e+00,0.000000000000000000e+00,6.658980337477504730e-02
-4.205748402563680433e-02,1.979180326526283618e-02,3.641842687118591188e-02,8.111252881451813668e-02
4.205748402563680433e-02,-1.979180326526283618e-02,-3.641842687118591188e-02,nan
