# dVx,dVy,dVz,time to request
0.000000000000000000e+00,0.000000000000000000e+00,0.000000000000000000e+00,2.350773833700181559e-02
1.305570912209171736e-02,-7.755684944940643977e-02,2.135934235358248265e-02,7.655084110880783221e-02
-1.305570912209171736e-02,7.755684944940643977e-02,-2.135934235358248265e-02,nan
