# dVx,dVy,dVz,time to request
0.000000000000000000e+00,0.000000000000000000e+00,0.000000000000000000e+00,1.301469509762225030e-02
2.475531782695737301e-02,3.629861422528223632e-03,-5.002227930678084010e-04,7.777211346975808348e-02
-2.475531782695737301e-02,-3.629861422528223632e-03,5.002227930678084010e-04,nan
