# dVx,dVy,dVz,time to request
0.000000000000000000e+00,0.000000000000000000e+00,0.000000000000000000e+00,2.130744361599212766e-03
3.872451054560542560e-02,8.651800041806427533e-02,5.216805081594680371e-02,7.638183367506101717e-02
-3.872451054560542560e-02,-8.651800041806427533e-02,-5.216805081594680371e-02,nan
