# dVx,dVy,dVz,time to request
-1.226216811232129916e-01,-5.102304533350184024e-02,2.072764921276762026e-02,2.427921931744603939e-02
1.280599406538864837e-01,-8.819840215823640528e-02,1.181865905320091462e-02,1.542802433389800672e-02
-9.168309676058350455e-02,-9.026443815462147080e-02,7.873222564717603789e-02,nan
