# dVx,dVy,dVz,time to request
1.625605825909439417e-01,1.889254904553871184e-01,4.062289018308747751e-02,6.893320898534520402e-02
-1.625605825909439417e-01,-1.889254904553871184e-01,-4.062289018308747751e-02,nan
