# dVx,dVy,dVz,time to request
8.934462857390726986e-01,4.718660178334261324e-01,6.454724219664501605e-01,-8.135511803928248409e-02
-7.579281730340796663e-01,-2.239346598734238414e-01,-5.502842259567222172e-01,1.160321402184220363e-01
2.481330276902469004e-02,-4.749658947245233853e-01,-6.465807914254004807e-01,5.808511218203564475e-02
