# dVx,dVy,dVz,time to request
1.898987804028016702e-01,1.656898805801882701e-01,-1.594740849774351626e-02,8.130234657905864581e-02
-1.898987804028016702e-01,-1.656898805801882701e-01,1.594740849774351626e-02,nan
