# dVx,dVy,dVz,time to request
0.000000000000000000e+00,0.000000000000000000e+00,0.000000000000000000e+00,6.605007162255807640e-02
-2.940705413851847361e-01,-9.844854737537132860e-02,2.350550099587362385e-01,7.810185675509236092e-02
2.940705413851847361e-01,9.844854737537132860e-02,-2.350550099587362385e-01,nan
