# dVx,dVy,dVz,time to request
2.622994887059398317e-01,9.234966377462307252e-02,-5.795701064580546236e-01,2.506782906986109588e-02
3.345351129615224406e-01,-3.584125939089459478e-02,1.369749710370815610e-01,3.251083430308669003e-02
-1.426593162310032248e-01,-4.315572885632276146e-01,3.900477132634621591e-01,nan
