# dVx,dVy,dVz,time to request
0.000000000000000000e+00,0.000000000000000000e+00,0.000000000000000000e+00,8.830567564022936966e-03
1.125495007304251199e-01,7.291966877770503230e-02,2.854444388788868886e-02,7.547171498836925674e-02
-1.125495007304251199e-01,-7.291966877770503230e-02,-2.854444388788868886e-02,nan
