# dVx,dVy,dVz,time to request
0.000000000000000000e+00,0.000000000000000000e+00,0.000000000000000000e+00,4.852923613919318813e-02
1.874109205885375884e-01,9.101951786081387274e-02,-2.517800823513317854e-02,7.539952772071013831e-02
-1.874109205885375884e-01,-9.101951786081387274e-02,2.517800823513317854e-02,nan
