# dVx,dVy,dVz,time to request
0.000000000000000000e+00,0.000000000000000000e+00,0.000000000000000000e+00,7.374890167706686650e-02
-4.176736905818605461e-01,-2.990501261584234127e-01,-1.247704287614957996e-01,7.873734644300760255e-02
4.176736905818605461e-01,2.990501261584234127e-01,1.247704287614957996e-01,nan
