# dVx,dVy,dVz,time to request
8.269696495541207781e-01,-1.450267926370116811e-01,3.928539830781282993e-01,5.947999979872426943e-03
-1.636708060431106837e-01,6.674987954390305678e-01,8.001976100784335966e-01,4.044378239760273996e-02
8.290060568950790021e-01,-1.804010548451130402e-01,-1.771541444704326784e-01,nan
