# dVx,dVy,dVz,time to request
0.000000000000000000e+00,0.000000000000000000e+00,0.000000000000000000e+00,4.223003416050418735e-01
8.273073016662264856e-02,-1.040801072327305343e-01,2.272943264608386083e-02,3.214451757804057674e-01
0.000000000000000000e+00,0.000000000000000000e+00,0.000000000000000000e+00,5.900134353663529785e-01
0.000000000000000000e+00,0.000000000000000000e+00,0.000000000000000000e+00,8.173644947796346871e-01
