# dVx,dVy,dVz,time to request
0.000000000000000000e+00,0.000000000000000000e+00,0.000000000000000000e+00,3.552387856234159695e-03
0.000000000000000000e+00,0.000000000000000000e+00,0.000000000000000000e+00,1.520060826716229663e-02
0.000000000000000000e+00,0.000000000000000000e+00,0.000000000000000000e+00,4.212434147893523440e-02
0.000000000000000000e+00,0.000000000000000000e+00,0.000000000000000000e+00,9.798894790693752493e-03
0.000000000000000000e+00,0.000000000000000000e+00,0.000000000000000000e+00,2.900809270813686086e-02
0.000000000000000000e+00,0.000000000000000000e+00,0.000000000000000000e+00,1.304673109583178239e-02
