# dVx,dVy,dVz,time to request
0.000000000000000000e+00,0.000000000000000000e+00,0.000000000000000000e+00,4.593735543049479175e-02
6.020861137415248893e-02,-1.642071434337146266e-02,2.163527320148671620e-02,7.084446987700877829e-02
-6.020861137415248893e-02,1.642071434337146266e-02,-2.163527320148671620e-02,nan
