# dVx,dVy,dVz,time to request
0.000000000000000000e+00,0.000000000000000000e+00,0.000000000000000000e+00,7.898643444403763425e-02
7.150313524761252315e-02,6.240467268001682888e-02,-6.002964984636676403e-03,8.131101456804144811e-02
-7.150313524761252315e-02,-6.240467268001682888e-02,6.002964984636676403e-03,nan
