# dVx,dVy,dVz,time to request
3.337592862111740111e-01,9.384109494079471980e-02,1.133090308493016202e-01,1.154331631158680982e-02
4.943090714674314157e-01,-3.547726350819964125e-01,-8.516091852470894508e-02,1.725906837262413535e-02
-2.268555467029335637e-01,-1.821312977828067059e-02,-9.843381978268880839e-02,nan
