# dVx,dVy,dVz,time to request
3.064288614646988873e-01,5.693985446018969832e-01,-3.532346335949218652e+00,3.593412927438471849e-02
0.000000000000000000e+00,0.000000000000000000e+00,0.000000000000000000e+00,4.681604989981709430e-02
0.000000000000000000e+00,0.000000000000000000e+00,0.000000000000000000e+00,3.317084372316948110e-02
