# dVx,dVy,dVz,time to request
0.000000000000000000e+00,0.000000000000000000e+00,0.000000000000000000e+00,1.317887478471091445e-02
-2.844890348823658072e-02,-5.593993613564862688e-02,6.235129995574262285e-02,7.874645008603926855e-02
2.844890348823658072e-02,5.593993613564862688e-02,-6.235129995574262285e-02,nan
