# dVx,dVy,dVz,time to request
0.000000000000000000e+00,0.000000000000000000e+00,0.000000000000000000e+00,7.578261694442736673e-02
-1.735478119664071450e-01,-1.570141322191977856e-02,-1.791548442438646929e-02,7.829582373007401563e-02
1.735478119664071450e-01,1.570141322191977856e-02,1.791548442438646929e-02,nan
