# dVx,dVy,dVz,time to request
2.347800327434056145e-01,2.179459741209263113e-01,-4.214262213136982238e-01,-6.602395364312027559e-02
-4.931410725456482624e-01,-9.540851340821544513e-01,2.409189749088808674e-01,-6.626642217792741429e-02
7.353641321957189447e-01,5.477953158485828755e-01,1.051152334285346823e-01,8.862788107247041025e-02
