# dVx,dVy,dVz,time to request
1.852785686562319067e-01,5.081627427117648560e-04,-1.960449590527339192e-01,3.398650913726756345e-02
8.846689355879308256e-05,1.050510912150775245e-01,7.594588456948153654e-02,2.604469177252582285e-02
1.859604196340949311e-01,-3.029971904147316097e-01,-2.434360944006060956e-01,nan
