# dVx,dVy,dVz,time to request
0.000000000000000000e+00,0.000000000000000000e+00,0.000000000000000000e+00,3.792593938337662784e-02
5.659928108245476652e-03,1.214730735644042880e-02,8.462765047194353157e-03,6.877080346383079856e-02
-5.659928108245476652e-03,-1.214730735644042880e-02,-8.462765047194353157e-03,nan
