# dVx,dVy,dVz,time to request
4.996197778655486060e-02,7.313644036037895979e-03,-1.035139163406279851e-03,7.777374966114070087e-02
-4.996197778655486060e-02,-7.313644036037895979e-03,1.035139163406279851e-03,nan
