# dVx,dVy,dVz,time to request
-1.420257213071400848e-01,-5.259631255534473471e-02,-4.377617094536565522e-03,6.918742281687459417e-02
1.420257213071400848e-01,5.259631255534473471e-02,4.377617094536565522e-03,nan
