# dVx,dVy,dVz,time to request
0.000000000000000000e+00,0.000000000000000000e+00,0.000000000000000000e+00,6.433888852092159438e-03
-7.813245026437909413e-02,-2.935508386161309741e-02,-5.907524334783101350e-02,7.123957488244751779e-02
7.813245026437909413e-02,2.935508386161309741e-02,5.907524334783101350e-02,nan
