# dVx,dVy,dVz,time to request
0.000000000000000000e+00,0.000000000000000000e+00,0.000000000000000000e+00,3.517723073471967776e-02
-1.099257609584300688e-01,-3.342926576413883522e-02,2.238568401083132486e-02,7.412267873707567567e-02
1.099257609584300688e-01,3.342926576413883522e-02,-2.238568401083132486e-02,nan
