# dVx,dVy,dVz,time to request
0.000000000000000000e+00,0.000000000000000000e+00,0.000000000000000000e+00,1.816344209362611151e-01
2.111476861908782171e-02,2.741598793506583864e-01,-1.530239053735262256e-01,5.690447162455133379e-01
-1.775080227574354241e+00,9.021592667955995459e-01,1.518183720944597415e+00,3.539786675119866582e-02
-6.098224067589738118e-01,-3.304720825398420381e+00,7.721127643297503340e+00,6.960209482739549980e-01
