# dVx,dVy,dVz,time to request
0.000000000000000000e+00,0.000000000000000000e+00,0.000000000000000000e+00,1.806132515338924327e-01
-5.864380705231183460e-02,3.439142864756956214e-02,-7.398740364468218977e-02,6.539259003756739963e-01
0.000000000000000000e+00,0.000000000000000000e+00,0.000000000000000000e+00,2.935253117523175734e-02
0.000000000000000000e+00,0.000000000000000000e+00,0.000000000000000000e+00,5.571082811543361935e-01
0.000000000000000000e+00,0.000000000000000000e+00,0.000000000000000000e+00,6.868296332684353800e-01
