# dVx,dVy,dVz,time to request
0.000000000000000000e+00,0.000000000000000000e+00,0.000000000000000000e+00,7.916792157671433128e-02
2.695549235194705934e-02,-1.784124619529410885e-02,-4.754694997780029020e-03,8.082991986287980934e-02
-2.695549235194705934e-02,1.784124619529410885e-02,4.754694997780029020e-03,nan
