# dVx,dVy,dVz,time to request
0.000000000000000000e+00,0.000000000000000000e+00,0.000000000000000000e+00,2.083845382142793246e-02
-3.234136229368926585e-02,-6.449260120103986749e-01,-5.292677056311669848e-01,6.808337379101611631e-02
3.234136229368926585e-02,6.449260120103986749e-01,5.292677056311669848e-01,nan
