# dVx,dVy,dVz,time to request
0.000000000000000000e+00,0.000000000000000000e+00,0.000000000000000000e+00,1.208019708881089005e-02
0.000000000000000000e+00,0.000000000000000000e+00,0.000000000000000000e+00,4.139089536463576302e-02
0.000000000000000000e+00,0.000000000000000000e+00,0.000000000000000000e+00,3.414421837598150683e-02
0.000000000000000000e+00,0.000000000000000000e+00,0.000000000000000000e+00,3.424889195003728848e-02
