# dVx,dVy,dVz,time to request
2.775095630755387566e-01,-5.267318514158588982e+00,-8.906155215943046821e-01,4.233219764243990602e-01
-3.921946840002931811e+00,3.727211942600059946e-01,-2.975866616553474397e+00,7.053006460789706944e-01
