# dVx,dVy,dVz,time to request
0.000000000000000000e+00,0.000000000000000000e+00,0.000000000000000000e+00,4.073989470897293463e-02
-1.013894256282794025e-02,4.132989855384173322e-02,-5.127744023974339926e-02,6.894017004478383837e-02
1.013894256282794025e-02,-4.132989855384173322e-02,5.127744023974339926e-02,nan
