# dVx,dVy,dVz,time to request
0.000000000000000000e+00,0.000000000000000000e+00,0.000000000000000000e+00,6.986015456913852173e-02
-1.346252915606239303e-02,1.491838352798056100e-01,1.031119913907753427e-01,7.324063231802403762e-02
1.346252915606239303e-02,-1.491838352798056100e-01,-1.031119913907753427e-01,nan
