# dVx,dVy,dVz,time to request
4.166688551640103988e+00,-2.344394727607611362e+00,3.017653601616963055e-01,4.454508579353873288e-02
2.145292433906411222e+00,-2.707146779491550692e+00,2.202892830276824476e+00,9.217378286589550385e-01
-1.193070124206248472e+00,1.663470136111224296e+00,-7.733716385538691451e-01,5.912966654420490631e-01
