# dVx,dVy,dVz,time to request
0.000000000000000000e+00,0.000000000000000000e+00,0.000000000000000000e+00,3.919256470675924753e-03
-7.672128331371130816e-02,-6.785862039416154512e-02,-7.576918810738934515e-03,7.933716235266152772e-02
7.672128331371130816e-02,6.785862039416154512e-02,7.576918810738934515e-03,nan
