# dVx,dVy,dVz,time to request
0.000000000000000000e+00,0.000000000000000000e+00,0.000000000000000000e+00,5.000076850267333450e-02
-2.353333744792145132e-02,-2.886320384431820957e-02,5.527957934250806935e-03,7.061670562052781153e-02
2.353333744792145132e-02,2.886320384431820957e-02,-5.527957934250806935e-03,nan
