# dVx,dVy,dVz,time to request
-6.694483159506353642e-01,1.325060968693158037e-01,2.330252602859742839e-01,1.779085441057102687e-02
-5.050463526216202315e-01,1.844179078491247625e-01,1.573480746332148739e-01,4.383523170398834906e-02
9.825212699862372057e-02,3.470740181976424144e-02,-9.990767366640325442e-02,nan
