# dVx,dVy,dVz,time to request
-6.662115125412980399e-02,-1.834189935522209380e-01,7.432626858274653525e-01,1.686808562450000173e-02
6.105575754637652786e+00,3.924178664253542781e+00,6.131674251597585723e+00,1.716551161187476748e-02
