# dVx,dVy,dVz,time to request
0.000000000000000000e+00,0.000000000000000000e+00,0.000000000000000000e+00,1.459106704137558275e-02
-8.814631237623322957e-02,-9.886622884067122752e-03,7.638579634246087102e-02,7.832458034803048419e-02
8.814631237623322957e-02,9.886622884067122752e-03,-7.638579634246087102e-02,nan
