# dVx,dVy,dVz,time to request
1.326613712506783949e-01,-3.786965544441065618e-02,-3.347432590999704360e-01,4.023277032853353474e-02
1.190338635586737359e+00,-2.770239008769548317e-03,9.645435679302857279e-01,3.208355413351563629e-02
1.372746398553970348e-01,3.452838332058817405e-01,-4.064301449012486800e-01,nan
