# dVx,dVy,dVz,time to request
0.000000000000000000e+00,0.000000000000000000e+00,0.000000000000000000e+00,4.593735543049477787e-02
-4.913303042519081079e-03,1.347538127075710579e-01,-8.875480943388641339e-03,7.084446987700877829e-02
4.913303042519081079e-03,-1.347538127075710579e-01,8.875480943388641339e-03,nan
