# dVx,dVy,dVz,time to request
1.452732329974142367e-01,5.472806349999372738e-02,2.431599647814473852e-02,3.706868621334077213e-02
4.571664519428166873e-01,-1.173147366591122814e-01,4.102022364250944575e-01,2.078181217889514543e-02
3.851844077194160332e-01,-1.055043151788048306e+00,1.791248179696030007e-01,nan
