# dVx,dVy,dVz,time to request
2.424579817206719001e-01,-1.161780790323780760e-01,7.693520891646290494e-01,2.475801470216919958e-02
4.056610905858342164e-01,2.829031850707282025e-01,5.819220095614863197e-01,1.478008532971813310e-02
-1.192960599201997735e-01,-7.660069792910466357e-02,-3.119578436916091088e-02,nan
