# dVx,dVy,dVz,time to request
-1.611768106698925965e-02,-7.278869595304297835e-02,9.206305743367015904e-01,2.468785866884487534e-02
-4.414677289214471306e-02,-1.321672414525163972e-02,4.818902360841699206e-01,3.236191694068513147e-02
0.000000000000000000e+00,0.000000000000000000e+00,0.000000000000000000e+00,4.520989618328846715e-02
