# dVx,dVy,dVz,time to request
0.000000000000000000e+00,0.000000000000000000e+00,0.000000000000000000e+00,4.871780697613166400e-02
3.815515500348990591e-02,-8.988097023872222702e-02,-6.455929767320615908e-02,8.061935906989632639e-02
-3.815515500348990591e-02,8.988097023872222702e-02,6.455929767320615908e-02,nan
