# dVx,dVy,dVz,time to request
0.000000000000000000e+00,0.000000000000000000e+00,0.000000000000000000e+00,1.795373818604542593e-02
-1.438179584223746033e-01,-9.471946200477310285e-02,-2.104823123355784725e-02,7.731050112517871831e-02
1.438179584223746033e-01,9.471946200477310285e-02,2.104823123355784725e-02,nan
