# dVx,dVy,dVz,time to request
0.000000000000000000e+00,0.000000000000000000e+00,0.000000000000000000e+00,5.681753574702325116e-02
1.157580948073132221e-01,-1.786089356542779061e-02,1.736279875288871191e-03,7.105470407222241880e-02
-1.157580948073132221e-01,1.786089356542779061e-02,-1.736279875288871191e-03,nan
