# dVx,dVy,dVz,time to request
-5.246142661404871177e-01,1.824589024088120737e-01,-1.636146039621798609e-01,1.029079019594446309e-02
-1.222945024542628906e-01,2.788587504623678548e-01,-2.238227400345533524e-01,1.153066212468931845e-02
2.207225991512503371e-01,8.645858935396691369e-02,3.237222436508792045e-01,nan
