# dVx,dVy,dVz,time to request
0.000000000000000000e+00,0.000000000000000000e+00,0.000000000000000000e+00,8.501774140901882659e-02
-1.010597284925768453e-02,-3.579706313837351800e-02,-5.072354954240890779e-01,7.378616958727087782e-01
0.000000000000000000e+00,0.000000000000000000e+00,0.000000000000000000e+00,5.764014079710528815e-01
0.000000000000000000e+00,0.000000000000000000e+00,0.000000000000000000e+00,5.038351245151230229e-01
1.668610236221188980e+00,5.129656256749761528e-02,-2.678220788063669477e+00,5.639109076849979640e-01
