# dVx,dVy,dVz,time to request
0.000000000000000000e+00,0.000000000000000000e+00,0.000000000000000000e+00,9.022028863695352729e-03
1.865069620779739035e-01,-2.121887949627508652e-01,2.833232343180880353e-01,7.630731409107360808e-02
-1.865069620779739035e-01,2.121887949627508652e-01,-2.833232343180880353e-01,nan
