# dVx,dVy,dVz,time to request
2.963146710497255309e-02,3.182872179926582099e-03,-4.077506110861055938e-02,7.655244267411943915e-02
-2.963146710497255309e-02,-3.182872179926582099e-03,4.077506110861055938e-02,nan
