# dVx,dVy,dVz,time to request
9.728370689658654910e-03,-7.297501340438616868e-01,-4.627618092211142065e-01,3.684766419226434553e-02
-4.200628989772478561e-01,2.523752691974026074e-01,7.834746324387432959e-02,2.223413820978399624e-02
2.044190337917018152e-01,7.697748107928729933e-02,2.970880184824512549e-01,nan
