# dVx,dVy,dVz,time to request
0.000000000000000000e+00,0.000000000000000000e+00,0.000000000000000000e+00,5.466657156009410712e-02
-2.396803599695489922e-02,5.907288299775863977e-03,1.086562292683820354e-02,7.754560247303962650e-02
2.396803599695489922e-02,-5.907288299775863977e-03,-1.086562292683820354e-02,nan
