# dVx,dVy,dVz,time to request
4.503483254383625622e-01,4.081992158836950796e-02,4.617022876612306842e-02,7.831070145673947602e-02
-4.503483254383625622e-01,-4.081992158836950796e-02,-4.617022876612306842e-02,nan
