# dVx,dVy,dVz,time to request
-7.275133962702465262e-02,5.823320553860966003e-02,-2.741188535490157174e-01,8.202024134338820049e-01
0.000000000000000000e+00,0.000000000000000000e+00,0.000000000000000000e+00,7.352746648105770721e-02
0.000000000000000000e+00,0.000000000000000000e+00,0.000000000000000000e+00,2.923576122548712242e-01
0.000000000000000000e+00,0.000000000000000000e+00,0.000000000000000000e+00,8.767594439249062344e-01
