# dVx,dVy,dVz,time to request
5.156505320635198508e-01,3.674056061514304194e-01,-4.322878131500233756e-02,1.049050113496337137e-02
2.522230096324286630e-01,-1.601362304951895951e-02,-4.738121695886340912e-02,3.365991701276495329e-02
3.662877963289984384e-02,7.709214461842839317e-01,-4.126643793596850018e-02,nan
