# dVx,dVy,dVz,time to request
3.303968185715423084e-02,-5.379199109051421152e-02,-1.922656865770999007e-02,1.183459250049756356e-01
0.000000000000000000e+00,0.000000000000000000e+00,0.000000000000000000e+00,3.638089627268631387e-01
0.000000000000000000e+00,0.000000000000000000e+00,0.000000000000000000e+00,9.519749393467666909e-01
1.113496431732068949e-02,1.214617727786096169e-01,-6.330690285213982915e-02,3.594454008313398563e-01
-5.459178299076652419e-01,-5.080494759474648570e-01,-3.405657164627950984e-01,7.384511223515649592e-01
