# dVx,dVy,dVz,time to request
0.000000000000000000e+00,0.000000000000000000e+00,0.000000000000000000e+00,3.517723073471967776e-02
-1.816810956748498018e-01,-1.197447097565234458e-01,8.639192964256259266e-02,7.412267873707567567e-02
1.816810956748498018e-01,1.197447097565234458e-01,-8.639192964256259266e-02,nan
