# dVx,dVy,dVz,time to request
0.000000000000000000e+00,0.000000000000000000e+00,0.000000000000000000e+00,3.644168071066264392e-02
0.000000000000000000e+00,0.000000000000000000e+00,0.000000000000000000e+00,7.928975065099791442e-03
0.000000000000000000e+00,0.000000000000000000e+00,0.000000000000000000e+00,3.318621009521975640e-02
0.000000000000000000e+00,0.000000000000000000e+00,0.000000000000000000e+00,3.479145697221963651e-02
