# dVx,dVy,dVz,time to request
1.016450841427820641e-02,-1.011050457821708985e-02,-5.488487881288505177e-01,4.487732902313755490e-02
-6.072781788316443559e-03,-1.587520810845165914e-02,-3.853955489895782415e-03,3.574348490689432944e-02
-5.334045941378376876e-04,-3.501077995880713840e-03,2.399034256212720828e-04,1.616812808804186626e-03
5.988371435825393441e+00,3.595820356032581877e+00,7.142680384673354865e+00,3.242890527331187839e-03
