# dVx,dVy,dVz,time to request
-2.462830400328836766e-01,2.117140695284602803e-01,-5.160402992849053017e-02,3.156848251529622510e-03
3.298586034001180223e-01,3.333056827559612856e-01,-4.676827199654841616e-01,1.129386399190286834e-02
-8.399360576496017750e-02,-1.676924839081463947e-01,-2.421810781600370333e-01,nan
