# dVx,dVy,dVz,time to request
0.000000000000000000e+00,0.000000000000000000e+00,0.000000000000000000e+00,2.387345228290813776e-02
2.567934920901561186e-03,6.049534538855703622e-03,4.577696381603493098e-02,2.553952871412743311e-02
-7.229072034963260229e+00,6.561250509728018265e-01,-6.873113219534261908e+00,2.094454487825746225e-02
