# dVx,dVy,dVz,time to request
9.869422095891474539e-03,-4.943058642349594523e-02,3.157809341955663575e-03,8.156807529503852516e-02
-9.869422095891474539e-03,4.943058642349594523e-02,-3.157809341955663575e-03,nan
