# dVx,dVy,dVz,time to request
0.000000000000000000e+00,0.000000000000000000e+00,0.000000000000000000e+00,9.334231524386615853e-03
-6.328988786216668827e-02,-2.401211162391118925e-01,-2.371117863577805462e-01,7.261150410574750136e-02
6.328988786216668827e-02,2.401211162391118925e-01,2.371117863577805462e-01,nan
