# dVx,dVy,dVz,time to request
0.000000000000000000e+00,0.000000000000000000e+00,0.000000000000000000e+00,3.118613816037163478e-02
-7.875405986057021010e-03,-5.468065324318323317e-02,-5.304027955632126951e-02,7.376186609874688105e-02
7.875405986057021010e-03,5.468065324318323317e-02,5.304027955632126951e-02,nan
