# dVx,dVy,dVz,time to request
0.000000000000000000e+00,0.000000000000000000e+00,0.000000000000000000e+00,3.354503805445647330e-02
-1.129407441031422821e-01,4.092768842260287310e-02,-1.057263071462888060e-01,7.813570341306765032e-02
1.129407441031422821e-01,-4.092768842260287310e-02,1.057263071462888060e-01,nan
