# dVx,dVy,dVz,time to request
0.000000000000000000e+00,0.000000000000000000e+00,0.000000000000000000e+00,2.130744361599212766e-03
-2.975400004669334283e-02,-9.625098538829751638e-02,-5.960499034019885872e-02,7.638183367506101717e-02
2.975400004669334283e-02,9.625098538829751638e-02,5.960499034019885872e-02,nan
