# dVx,dVy,dVz,time to request
-0.2762685502,0.1652980592,1.2056507726,0.0484408087
-1.3877593003,0.659760579,9.6171012891,0.0097582475
