# dVx,dVy,dVz,time to request
-1.225742633380418889e+00,1.262712104394307699e+00,3.849017429310476857e+00,4.746682199119317547e-02
0.000000000000000000e+00,0.000000000000000000e+00,0.000000000000000000e+00,4.384653201651831506e-02
0.000000000000000000e+00,0.000000000000000000e+00,0.000000000000000000e+00,2.338166272895578126e-03
2.852140447263601733e-02,8.837894902520735882e-04,7.476561482708039830e-02,1.964160483148669548e-02
