# dVx,dVy,dVz,time to request
-6.995276845033604474e-01,9.673696695461417860e-01,1.156139974459812203e+00,4.336557286322206828e-02
-5.153944525058383463e-02,2.524308370032278259e-01,-7.315375481333630248e-01,9.758247547511453984e-03
0.000000000000000000e+00,0.000000000000000000e+00,0.000000000000000000e+00,3.335058240852885325e-02
2.000827278961905542e-01,-3.399016896314355218e-02,-1.860541622123696726e-01,1.476520805737969316e-02
