# dVx,dVy,dVz,time to request
-1.262866145744538648e-02,1.484489301409048188e-02,-3.044401258457047010e+00,2.541079872238423062e-02
2.480101628335579511e-01,2.718919584947921408e-01,4.748704050997998305e-01,2.780055303038362138e-02
-1.670689033597944073e-01,-1.177968432797800967e-02,-3.142972678468255315e-02,1.474890888695679081e-02
1.692818825414863643e-02,-3.506319296357121064e-03,3.974571956442985998e-01,4.531546237855253734e-02
