# dVx,dVy,dVz,time to request
0.000000000000000000e+00,0.000000000000000000e+00,0.000000000000000000e+00,6.699349652507471942e-02
-9.572606846666792402e-02,-1.563044725030391935e-01,5.297490685030907531e-02,nan
