# dVx,dVy,dVz,time to request
0.000000000000000000e+00,0.000000000000000000e+00,0.000000000000000000e+00,6.699349652507470554e-02
-5.677216010937311680e-02,-1.270980759232210600e-01,4.025932812390690951e-02,nan
