# dVx,dVy,dVz,time to request
0.000000000000000000e+00,0.000000000000000000e+00,0.000000000000000000e+00,6.699354221536005238e-02
-2.014215751627499718e-01,-1.283445873515645826e-02,3.023141601498515948e-02,6.699354221564135514e-02
