# dVx,dVy,dVz,time to request
0.000000000000000000e+00,0.000000000000000000e+00,0.000000000000000000e+00,6.699349652507471942e-02
-1.284339308596953722e-01,-8.184197582933610063e-03,1.927680164174187805e-02,nan
