,value,reward,threshold
coll prob,4.7150844883492304e-05,-0.47150844883492304,0.0001
fuel (|dV|),0.37865882091853287,-0.037865882091853285,10.0
dev a (m),198.683278,-9.881495020000001,100.0
dev e,2.3e-05,-0.0023,0.01
dev i (rad),3.5e-05,-0.0034999999999999996,0.01
dev W (rad),0.000119,-0.0119,0.01
dev w (rad),-0.010637,-1.5733000000000008,0.01
dev M (rad),0.010918,0.0,
