# dVx,dVy,dVz,time to request
0.000000000000000000e+00,0.000000000000000000e+00,0.000000000000000000e+00,6.699349652507471942e-02
1.041374890384301477e-01,4.883195182418563762e-01,1.781831985872009416e-01,nan
