# dVx,dVy,dVz,time to request
0.000000000000000000e+00,0.000000000000000000e+00,0.000000000000000000e+00,1.269567299159690688e-02
7.713503559751298290e-03,-5.816932457920271499e-03,2.620202284979980881e-03,nan
