# dVx,dVy,dVz,time to request
0.000000000000000000e+00,0.000000000000000000e+00,0.000000000000000000e+00,1.285114392433933661e-02
-2.750408277517954816e-02,1.093203181921200556e-02,-5.081221762950954499e-03,1.285114392430841690e-02
