# dVx,dVy,dVz,time to request
0.000000000000000000e+00,0.000000000000000000e+00,0.000000000000000000e+00,0.000000000000000000e+00
-9.440269399555210050e-01,1.659130672998061218e-01,9.169975721613787822e-01,nan
