# dVx,dVy,dVz,time to request
-1.466474590271640288e-01,7.115983178831687510e-03,-1.524197099799831534e+00,8.945880656519580310e-01
-6.979966660278320856e-02,-7.676774380201648040e-02,-2.317115541575166249e-01,4.806772162864341724e-01
