# dVx,dVy,dVz,time to request
0.000000000000000000e+00,0.000000000000000000e+00,0.000000000000000000e+00,6.465547079338218595e-02
-2.605490739227666469e-02,8.491555433600367353e-01,5.795896833694506173e-02,4.125504204605169312e-01
-8.605204135289476475e-02,-3.502245505979117990e-01,-1.100562260513735374e-01,nan
