# dVx,dVy,dVz,time to request
9.027779026979545866e-04,-2.439497523742822915e-02,7.952432128057860053e-03,6.741106164001304801e-01
0.000000000000000000e+00,0.000000000000000000e+00,0.000000000000000000e+00,8.789430280967779341e-01
