# dVx,dVy,dVz,time to request
0.000000000000000000e+00,0.000000000000000000e+00,0.000000000000000000e+00,0.000000000000000000e+00
-1.287424510920043952e+00,-1.237218854119259692e+00,8.792795711496891042e-02,nan
