# dVx,dVy,dVz,time to request
1.658336817713379485e+00,-4.755312619196174206e-01,-2.390643240774559253e+00,2.997859764959290851e-01
0.000000000000000000e+00,0.000000000000000000e+00,0.000000000000000000e+00,6.209192166553703096e-01
7.926293107982064490e-02,5.021411253432538080e-02,-4.201678066358262124e-03,3.072847360088913904e-01
