# dVx,dVy,dVz,time to request
0.000000000000000000e+00,0.000000000000000000e+00,0.000000000000000000e+00,1.269568888501682036e-02
7.713512145183125564e-03,-5.816921415155436141e-03,2.620201525932576089e-03,1.269568888528738171e-02
