# dVx,dVy,dVz,time to request
0.000000000000000000e+00,0.000000000000000000e+00,0.000000000000000000e+00,4.011759766497113855e-02
5.745539816993448616e-03,5.595402937395597964e-03,5.990036609237726906e-03,4.011759766490285983e-02
