# dVx,dVy,dVz,time to request
0.000000000000000000e+00,0.000000000000000000e+00,0.000000000000000000e+00,5.564229190438581274e-02
4.833361205287129564e-02,-1.031443910302809602e-01,-6.292016618382055559e-02,nan
