# dVx,dVy,dVz,time to request
0.000000000000000000e+00,0.000000000000000000e+00,0.000000000000000000e+00,7.831368768371771427e-01
-4.812839530891521028e-02,1.298670356906427847e-01,-4.897829118257098630e-02,8.103532392121860495e-01
