# dVx,dVy,dVz,time to request
0.000000000000000000e+00,0.000000000000000000e+00,0.000000000000000000e+00,5.564238575605358339e-02
4.833394843786276845e-02,-1.031447279053641919e-01,-6.291935553880895204e-02,5.564238575607305393e-02
