# dVx,dVy,dVz,time to request
0.000000000000000000e+00,0.000000000000000000e+00,0.000000000000000000e+00,1.285111399195920656e-02
-2.909137787029192346e-02,1.311609318991489165e-02,-4.507265564341128398e-03,nan
