# dVx,dVy,dVz,time to request
0.000000000000000000e+00,0.000000000000000000e+00,0.000000000000000000e+00,2.405346056760548912e-02
-1.110327973008393559e-01,-9.573546079140032861e-02,3.033503017780992544e-02,3.926466750541132145e-01
1.248951275273036676e-01,1.225897015378094868e-01,-3.288503846971638223e-02,nan
