# dVx,dVy,dVz,time to request
0.000000000000000000e+00,0.000000000000000000e+00,0.000000000000000000e+00,3.373299543727841660e-02
8.903902674627675040e-01,-6.606005248146497033e-01,-3.959531515409916436e-01,2.608627233672065060e-01
1.519498400974070296e-02,1.947833436274656604e-01,-4.287752191576460481e-01,nan
