# dVx,dVy,dVz,time to request
0.000000000000000000e+00,0.000000000000000000e+00,0.000000000000000000e+00,7.834734887501942913e-03
2.329286882886428753e-02,-1.091682701579780104e-02,1.549412318374368373e-02,nan
