# dVx,dVy,dVz,time to request
0.000000000000000000e+00,0.000000000000000000e+00,0.000000000000000000e+00,2.626614512161914994e-02
-3.680513229552075972e-03,8.729854904854100761e-02,-2.194633201305755399e-02,2.626614512155356351e-02
