# dVx,dVy,dVz,time to request
-1.489869261596313277e-01,-1.621042936675929080e-01,4.007865783090353573e-01,8.096847447926597274e-01
0.000000000000000000e+00,0.000000000000000000e+00,0.000000000000000000e+00,9.710579915565321629e-01
