# dVx,dVy,dVz,time to request
0.000000000000000000e+00,0.000000000000000000e+00,0.000000000000000000e+00,1.285111399195920656e-02
-2.750410087213585320e-02,1.093196571153119863e-02,-5.081266033353962902e-03,nan
