# dVx,dVy,dVz,time to request
0.000000000000000000e+00,0.000000000000000000e+00,0.000000000000000000e+00,0.000000000000000000e+00
-1.907112144192657732e+00,-2.039047157985030889e+00,8.486388891397440570e-01,2.792931721627388009e-01
-1.555485655879552120e-01,6.675115604970451033e-02,-7.423320091969968226e-01,nan
