# dVx,dVy,dVz,time to request
0.000000000000000000e+00,0.000000000000000000e+00,0.000000000000000000e+00,2.586289139279818877e-02
-1.768719658325235811e+00,-1.554537778249586166e+00,-3.785793028661179616e+00,8.634166107906832144e-01
-6.168297596712447178e-02,3.757728732473545885e-01,1.048718655848668968e+00,4.478922887748106318e-01
