# dVx,dVy,dVz,time to request
0.000000000000000000e+00,0.000000000000000000e+00,0.000000000000000000e+00,2.626607991266802222e-02
-2.862985935060770749e-03,6.789886855517610065e-02,-1.706931984840448849e-02,nan
