# dVx,dVy,dVz,time to request
0.000000000000000000e+00,0.000000000000000000e+00,0.000000000000000000e+00,3.867838816320401385e-02
-2.571616521389098742e-02,1.447018656190056027e-02,5.576311608953827929e-03,nan
