# dVx,dVy,dVz,time to request
0.000000000000000000e+00,0.000000000000000000e+00,0.000000000000000000e+00,3.373299543727841660e-02
3.623130247684774874e-02,4.359515004041793901e-02,-1.604513709181975556e-01,3.373299543727625860e-02
0.000000000000000000e+00,0.000000000000000000e+00,0.000000000000000000e+00,0.000000000000000000e+00
1.324275164754482384e-02,-6.309608928742700337e-03,-1.308894884631358821e-02,4.373299543749453733e-02
0.000000000000000000e+00,0.000000000000000000e+00,0.000000000000000000e+00,0.000000000000000000e+00
7.016260911464747174e+00,-6.851872231253664403e+00,2.517310400476266419e-01,5.373299543771281606e-02
0.000000000000000000e+00,0.000000000000000000e+00,0.000000000000000000e+00,0.000000000000000000e+00
3.053114066769331725e+00,-6.288652811859291702e+00,6.882643320330213754e+00,6.373299543793109478e-02
