# dVx,dVy,dVz,time to request
0.000000000000000000e+00,0.000000000000000000e+00,0.000000000000000000e+00,4.772520387830014865e-02
-2.898809550158892856e-03,-1.381523420164095795e-01,1.244106926515178499e-02,3.708814640384452965e-01
-3.602822401279194564e-02,6.654338787048298676e-02,-5.329700515395989491e-03,nan
