# dVx,dVy,dVz,time to request
0.000000000000000000e+00,0.000000000000000000e+00,0.000000000000000000e+00,2.976599430828810733e-02
4.040501570091225257e-03,-6.390832197654886318e-03,-6.559871285626307433e-03,nan
