# dVx,dVy,dVz,time to request
0.000000000000000000e+00,0.000000000000000000e+00,0.000000000000000000e+00,5.022671150509266935e-02
-7.060574042447873358e-05,6.096082678373621055e-02,1.128634096770598783e-01,2.563141057356264629e-01
-7.387766322184196460e-03,-2.756750630476880251e-02,-4.759369957363492054e-02,nan
