# dVx,dVy,dVz,time to request
4.568330319898993019e-02,-1.259343006797938869e-01,2.625544558366078030e-01,1.866343145066733378e-01
0.000000000000000000e+00,0.000000000000000000e+00,0.000000000000000000e+00,8.929598020130633529e-01
