# dVx,dVy,dVz,time to request
-7.665237003849124237e-03,6.717304478096486776e-04,-3.714722240933283626e-01,2.997655411993443292e-02
3.647987113416424620e-02,8.071541617135959135e-02,4.226338642803895845e-02,8.662250584239051809e-01
3.465500517953236121e-03,-2.391827737519543282e-03,3.099722278984415880e-01,5.631614798281175949e-01
