# dVx,dVy,dVz,time to request
0.000000000000000000e+00,0.000000000000000000e+00,0.000000000000000000e+00,2.465115152445201963e-02
-1.554665812537869883e-03,4.118781640299071234e-02,-2.839285656951954714e-02,2.465115152426733403e-02
