# dVx,dVy,dVz,time to request
0.000000000000000000e+00,0.000000000000000000e+00,0.000000000000000000e+00,6.465547079338218595e-02
-2.375753057322200698e-02,2.327278125487060312e-02,-1.892052073634988008e-02,nan
