# dVx,dVy,dVz,time to request
1.283668769208180516e-01,2.470488524823579168e-01,-4.162346560178946664e-01,6.541945913160127635e-01
1.703799387866086479e-01,-1.042975461741274396e-01,9.302225592310509050e-02,8.785909240586669000e-01
