# dVx,dVy,dVz,time to request
0.000000000000000000e+00,0.000000000000000000e+00,0.000000000000000000e+00,7.522116923976746028e-02
4.112279001658293229e-03,9.114393325587791250e-03,4.661503185599574664e-04,7.522116923973953817e-02
