# dVx,dVy,dVz,time to request
0.000000000000000000e+00,0.000000000000000000e+00,0.000000000000000000e+00,2.465115152445201963e-02
-2.564672292502076859e-02,-3.705302397745260240e-02,3.898444941150003978e-02,nan
