# dVx,dVy,dVz,time to request
0.000000000000000000e+00,0.000000000000000000e+00,0.000000000000000000e+00,2.976599430828810733e-02
-3.934093098948070188e-02,-2.265542516638760842e-02,1.018679925445165578e-02,nan
