# dVx,dVy,dVz,time to request
0.000000000000000000e+00,0.000000000000000000e+00,0.000000000000000000e+00,2.405348635723725259e-02
-1.089343881730908334e-02,-4.884926366648573853e-02,-2.998999636161966118e-04,2.405348635693371762e-02
