# dVx,dVy,dVz,time to request
0.000000000000000000e+00,0.000000000000000000e+00,0.000000000000000000e+00,2.976599430828810733e-02
4.040501570091225257e-03,-6.390832197654886318e-03,-6.559871285626307433e-03,2.976599430803616997e-02
0.000000000000000000e+00,0.000000000000000000e+00,0.000000000000000000e+00,7.039069979404630195e-02
4.032446228763350571e-03,-6.378030742596923000e-03,-6.546755017466366483e-03,1.101566941024429980e-01
