# dVx,dVy,dVz,time to request
0.000000000000000000e+00,0.000000000000000000e+00,0.000000000000000000e+00,2.372563547258088046e-01
0.000000000000000000e+00,0.000000000000000000e+00,0.000000000000000000e+00,7.810762236808271863e-01
