# dVx,dVy,dVz,time to request
-6.788576733449221134e-02,1.476274218305464181e-01,5.052938198465040998e+00,8.560566272129911392e-01
0.000000000000000000e+00,0.000000000000000000e+00,0.000000000000000000e+00,7.745300352672946920e-01
