# dVx,dVy,dVz,time to request
-4.668714738256366514e-01,4.348430908090378799e-01,-9.846838412382877964e-03,8.554708169570665044e-01
-3.789031560900511408e+00,-1.772514666567849728e+00,-8.953780888080844491e+00,7.642357831905757237e-01
