# dVx,dVy,dVz,time to request
0.000000000000000000e+00,0.000000000000000000e+00,0.000000000000000000e+00,7.834786108424557360e-03
2.329294815127442783e-02,-1.091681373826527621e-02,1.549401328999680180e-02,7.834786108105618041e-03
0.000000000000000000e+00,0.000000000000000000e+00,0.000000000000000000e+00,6.095980663817053558e-02
7.734164627464218178e+00,-3.624230473555051013e+00,5.142757255785967985e+00,7.879459274681721581e-02
