# dVx,dVy,dVz,time to request
0.000000000000000000e+00,0.000000000000000000e+00,0.000000000000000000e+00,7.834734887501942913e-03
-2.517050211121108286e-02,-3.545935164445391391e-03,3.272014376077343051e-02,nan
