# dVx,dVy,dVz,time to request
0.000000000000000000e+00,0.000000000000000000e+00,0.000000000000000000e+00,7.522116923976746028e-02
-3.552503834474535216e-02,1.591964911885920819e-02,2.895263327892851762e-02,nan
