# dVx,dVy,dVz,time to request
0.000000000000000000e+00,0.000000000000000000e+00,0.000000000000000000e+00,0.000000000000000000e+00
2.586087660918688913e-01,1.970438058261917910e-02,3.846733874793683006e-01,nan
