# dVx,dVy,dVz,time to request
0.000000000000000000e+00,0.000000000000000000e+00,0.000000000000000000e+00,5.564229190438583356e-02
-9.066107133381108574e-02,1.145432830696771764e-01,-1.406464714761023471e-01,nan
