# dVx,dVy,dVz,time to request
0.000000000000000000e+00,0.000000000000000000e+00,0.000000000000000000e+00,4.772520387830014865e-02
2.647100959789041447e-02,1.407451570701601616e-02,-1.731000313657549269e-03,nan
