# dVx,dVy,dVz,time to request
0.000000000000000000e+00,0.000000000000000000e+00,0.000000000000000000e+00,3.867838816320401385e-02
-7.912471769635508884e-03,-1.066034280270185680e-01,-2.957703861186199157e-02,nan
