# dVx,dVy,dVz,time to request
0.000000000000000000e+00,0.000000000000000000e+00,0.000000000000000000e+00,2.405346056760548912e-02
-7.443055812318525449e-03,-3.903899752685881241e-02,-6.750427582855460544e-04,nan
