# dVx,dVy,dVz,time to request
0.000000000000000000e+00,0.000000000000000000e+00,0.000000000000000000e+00,4.011759766497113855e-02
3.462980311551569317e-03,-7.065991030382336169e-03,-1.597383481537992256e-02,nan
