# dVx,dVy,dVz,time to request
0.000000000000000000e+00,0.000000000000000000e+00,0.000000000000000000e+00,5.022671150509265547e-02
-1.445190208507579101e-02,-1.522691396058248846e-02,-2.147292064356570371e-02,nan
