# dVx,dVy,dVz,time to request
0.000000000000000000e+00,0.000000000000000000e+00,0.000000000000000000e+00,4.772520387830014865e-02
1.829014968212516051e-02,3.352417062046499086e-02,-3.330403545289458127e-03,nan
