# dVx,dVy,dVz,time to request
1.351150943669011117e-01,-6.450143208614869672e-02,7.374896712564221746e-02,8.955898752958386666e-01
1.895177795988749539e-02,6.402529012096724870e-02,-8.257261560002866763e-02,9.812992866002616665e-01
