# dVx,dVy,dVz,time to request
0.000000000000000000e+00,0.000000000000000000e+00,0.000000000000000000e+00,3.867838816320401385e-02
-2.280471699521632312e-01,-7.666397177311948252e-02,-8.309430740525846834e-03,3.494015185258614875e-01
4.770415353476152864e-01,4.954875070981319407e-01,1.118100982107033126e-01,nan
