# dVx,dVy,dVz,time to request
0.000000000000000000e+00,0.000000000000000000e+00,0.000000000000000000e+00,7.569573088303104269e-01
0.000000000000000000e+00,0.000000000000000000e+00,0.000000000000000000e+00,2.634285344592137701e-01
