# dVx,dVy,dVz,time to request
0.000000000000000000e+00,0.000000000000000000e+00,0.000000000000000000e+00,6.465547079338218595e-02
-3.724739476773154812e-02,8.464278638762775739e-03,-3.234184719762538823e-02,nan
