# dVx,dVy,dVz,time to request
0.000000000000000000e+00,0.000000000000000000e+00,0.000000000000000000e+00,4.390031459327291274e-02
-2.288881781605782775e-02,3.456149695202926416e-03,-8.706538566335100815e-02,4.390031459297460970e-02
