# dVx,dVy,dVz,time to request
0.000000000000000000e+00,0.000000000000000000e+00,0.000000000000000000e+00,5.022671150509266241e-02
-8.394998617645380024e-03,-1.716375572220172133e-02,-2.787003329822846862e-02,nan
