# dVx,dVy,dVz,time to request
0.000000000000000000e+00,0.000000000000000000e+00,0.000000000000000000e+00,0.000000000000000000e+00
-2.461552086760494806e-02,-1.106830901028429091e-02,-4.214945050747208322e-02,nan
