# dVx,dVy,dVz,time to request
6.369883380620714242e+00,3.419299972143853061e+00,-1.361289738835677499e+00,3.455345948782113652e-01
6.242882481729930433e+00,-6.448432180779577472e-01,-1.664868822911746982e+00,6.117669679526189785e-01
