# dVx,dVy,dVz,time to request
0.000000000000000000e+00,0.000000000000000000e+00,0.000000000000000000e+00,0.000000000000000000e+00
-7.523854227726188559e-02,1.141232059681548394e-01,6.212988979271785728e-02,nan
