# dVx,dVy,dVz,time to request
0.000000000000000000e+00,0.000000000000000000e+00,0.000000000000000000e+00,8.378905470259059851e-03
5.545269389623857376e-02,-1.602501986141168172e-03,-1.315474936929662275e-01,nan
