# dVx,dVy,dVz,time to request
0.000000000000000000e+00,0.000000000000000000e+00,0.000000000000000000e+00,3.373299543727841660e-02
3.623130247684774874e-02,4.359515004041793901e-02,-1.604513709181975556e-01,nan
