# dVx,dVy,dVz,time to request
0.000000000000000000e+00,0.000000000000000000e+00,0.000000000000000000e+00,2.405346056760548912e-02
-1.089334412406870942e-02,-4.884928457196860418e-02,-2.999343494557086924e-04,nan
