# dVx,dVy,dVz,time to request
0.000000000000000000e+00,0.000000000000000000e+00,0.000000000000000000e+00,5.022674106457995780e-02
-1.445184251983749196e-02,-1.522691881700855704e-02,-2.147295728879720922e-02,5.022674106476188172e-02
