# dVx,dVy,dVz,time to request
0.000000000000000000e+00,0.000000000000000000e+00,0.000000000000000000e+00,4.772522990349103988e-02
2.647097758768241979e-02,1.407457532304206074e-02,-1.731005093255495210e-03,4.772522990333527559e-02
0.000000000000000000e+00,0.000000000000000000e+00,0.000000000000000000e+00,4.558224989833624397e-02
5.549219506796840840e+00,-8.257959386571155136e+00,6.423167732745529435e-01,1.033074798015150009e-01
