# dVx,dVy,dVz,time to request
2.510491260703967775e+00,1.236949922605769858e+00,8.081959884656824133e-01,8.547867269609330521e-01
-1.034048199254804956e+00,-1.694711712261084691e-01,-4.534141954186362011e-01,9.822564879809935201e-01
