# dVx,dVy,dVz,time to request
0.000000000000000000e+00,0.000000000000000000e+00,0.000000000000000000e+00,6.465550928501695438e-02
-2.234844468397291159e-02,5.078471046392101299e-03,-1.940512446862460369e-02,6.465550928533048136e-02
0.000000000000000000e+00,0.000000000000000000e+00,0.000000000000000000e+00,4.177962492386044779e-02
3.059433135114791175e-03,8.794462567925678126e-03,3.563368944585397231e-03,1.164351342094960273e-01
