# dVx,dVy,dVz,time to request
-3.439592946099163245e-02,-1.892537122069412270e+00,2.013277316716935994e-01,9.327913076446097129e-01
7.537015508415630767e-04,-1.317949499050596052e-01,-8.202925567000038942e-01,7.589827445688750451e-01
