# dVx,dVy,dVz,time to request
0.000000000000000000e+00,0.000000000000000000e+00,0.000000000000000000e+00,0.000000000000000000e+00
9.403817874808016730e-02,-1.022909397863893011e+00,3.033256072025622974e-01,nan
