# dVx,dVy,dVz,time to request
0.000000000000000000e+00,0.000000000000000000e+00,0.000000000000000000e+00,8.378943357079851606e-03
1.576742247519986179e-02,4.553219572035544643e-02,-1.353569545255588723e-02,8.378943357456591912e-03
