# dVx,dVy,dVz,time to request
1.351237698229350581e+00,-4.877544187839609746e-01,9.284840767832982511e-01,nan
