# dVx,dVy,dVz,time to request
-8.354737966895194878e-01,-6.820194258689959987e-02,8.013728253960695769e-01,3.241410077943933377e-02
0.000000000000000000e+00,0.000000000000000000e+00,0.000000000000000000e+00,5.935349545094411455e-02
0.000000000000000000e+00,0.000000000000000000e+00,0.000000000000000000e+00,nan
