# dVx,dVy,dVz,time to request
-9.738458838361657710e-01,-7.197991315310789950e-01,4.234112538418099980e-02,2.440281403244773037e-02
-1.737082796246791627e-01,-5.344870142297818427e-01,6.681087677872266095e-02,1.934135767836663022e-02
0.000000000000000000e+00,0.000000000000000000e+00,0.000000000000000000e+00,4.117859713586839721e-02
0.000000000000000000e+00,0.000000000000000000e+00,0.000000000000000000e+00,1.911709007117677953e-02
