# dVx,dVy,dVz,time to request
9.641004087755091767e-01,-2.256449274231972613e+00,3.913807328182541401e-01,4.894835702075895495e-02
2.737197647478073481e-01,1.550751606406484406e-01,2.227684868607290869e-01,2.851133388041859895e-02
1.135985951065021649e+00,-3.533913341760668292e-01,1.287215581782322760e+00,nan
