# dVx,dVy,dVz,time to request
-0.17649619,0.57880447,1.25041074,0.01612943
-0.09809271,-0.0040742,-0.14079229,0.03964376
-0.22805547,0.2482072,-0.16217324,nan
