# dVx,dVy,dVz,time to request
8.313836812349151284e-01,-6.675355016311633749e-01,-3.050785643221017862e-01,3.191950528884742594e-02
0.000000000000000000e+00,0.000000000000000000e+00,0.000000000000000000e+00,1.651765790300086661e-02
0.000000000000000000e+00,0.000000000000000000e+00,0.000000000000000000e+00,9.266056936479083461e-03
0.000000000000000000e+00,0.000000000000000000e+00,0.000000000000000000e+00,3.973895258730660018e-02
0.000000000000000000e+00,0.000000000000000000e+00,0.000000000000000000e+00,5.402005908737250901e-03
