# dVx,dVy,dVz,time to request
1.342662840464205365e+00,-1.218949266194780529e-01,1.518130475248720135e+00,4.907168950128060203e-02
1.105513955194502795e+00,-9.537129657539175076e-01,1.916924225694408346e+00,4.168464378952022042e-02
-1.123514790523167522e-01,3.897515949356056275e-02,-7.826324868553692360e-01,nan
