# dVx,dVy,dVz,time to request
-5.918688669952338888e-01,-1.203626191624506681e-01,-9.813211524070551972e-01,3.215723217078368668e-02
-1.739808042811892552e-01,6.817150058883650679e-03,1.345860736956621118e-01,3.810815483393578673e-02
1.859182765105747426e-01,-4.535448665070141994e-01,-1.218112118288361759e-02,nan
