# dVx,dVy,dVz,time to request
-2.115747556843911303e-01,-2.525090732487584311e-01,-1.252126803243618580e+00,3.394773956072490162e-02
2.653795893265332648e-02,9.462565562895229598e-03,-9.387159063080607879e-02,3.467587206513322168e-02
-1.427719989612663554e-01,-1.278098588405089941e-01,-1.298812577500708110e-01,nan
