# dVx,dVy,dVz,time to request
0.000000000000000000e+00,0.000000000000000000e+00,0.000000000000000000e+00,2.119602663759970196e-02
-4.350704233549414213e-02,8.952416223033761444e-02,-1.719308437263281433e-02,nan
