# dVx,dVy,dVz,time to request
0.000000000000000000e+00,0.000000000000000000e+00,0.000000000000000000e+00,2.119602663759970196e-02
-2.510121480865261101e-01,-1.532863122191507332e-01,7.296281624141183475e-02,nan
