# dVx,dVy,dVz,time to request
0.000000000000000000e+00,0.000000000000000000e+00,0.000000000000000000e+00,0.000000000000000000e+00
-4.928060964686197254e-01,-3.393752004704386316e+00,-8.725896896867860741e-01,nan
